<?xml version="1.0"?>
<!DOCTYPE hibernate-mapping PUBLIC 
    "-//Hibernate/Hibernate Mapping DTD 3.0//EN"
    "http://hibernate.sourceforge.net/hibernate-mapping-3.0.dtd">
<hibernate-mapping package="cn.itcast.surveypark.domain">
	<class name="Survey" table="surveys">
		<id name="id" column="id" type="integer">
			<generator class="identity" />
		</id>
		<property name="title" column="title" type="string" length="200" />
		<property name="preText" column="pretext" type="string" length="50" />
		<property name="nextText" column="nexttext" type="string" length="50" />
		<property name="exitText" column="exittext" type="string" length="50"/>
		<property name="doneText" column="donetext" type="string" length="50"/>
		<property name="createTime" column="createtime" type="timestamp" update="false" />
		<!-- update=false,阻止s.update()/s.saveOrUpdate(),不能阻止hql更新 -->
		<property name="closed" column="closed" type="boolean" update="false"/>
		<!-- 上传文件路径 -->
		<property name="logoPhotoPath" column="logophotopath" type="string" length="200" update="false"/>
		<!-- 通过公式查询最大最小页序 -->
		<property name="maxOrderno" formula="(select max(p.orderno) from pages p where p.surveyid = id)" />
		<property name="minOrderno" formula="(select min(p.orderno) from pages p where p.surveyid = id)" />
		
		<!-- 映射从Survey到user之间多对一关联关系 -->
		<many-to-one name="user" class="User" column="userid" />
		
		<!-- 映射从Survey到Page之间一对多关联关系  -->
		<set name="pages" inverse="true" order-by="orderno">
			<key column="surveyid" >
			</key>
			<one-to-many class="Page"/>
		</set>
	</class>	
</hibernate-mapping>